N_INICIATIVA,INICIATIVA,PORTAFOLIO,PROGRAMA,ESPECIALISTA_INICIATIVA,NIVEL_DE_COMPLEJIDAD,ESTATUS,ETAPA,FECHA_INICIO,FECHA_ACTUALIZACION,FECHA_FIN,LIDER_INICIATIVA,DESCRIPCION,ACTIVIDAD,HORAS,MES,AÑO,NOMBRE,ESPECIALISTA_DE_PROCESO,AHORRO_REAL_GENERADO,AHORRO_ESPERADO,COSTO_TOTAL_DE_LA_INICIATIVA,ENCUESTAS_RESPONDIDAS,RESPUESTAS_POSITIVAS,NÚMERO_DE_EMPLEADOS_QUE_ADOPTARON_LA_INICIATIVA,TOTAL_EMPLEADOS_DIRIGIDOS,SOLICITUDES_DE_MEJORA_RECIBIDAS,SOLICITUDES_DE_MEJORA_IMPLEMENTADAS,N_TOTAL_DE_EJECUCIONES_DE_PROCESO,PROCESOS_EJECUTADOS_EN_TIEMPO,N_HITOS_PLANIFICADOS,N_HITOS_ALCANZADOS_EN_TIEMPO,FECHA_DE_APROBACION,NUMERO_DE_INICIATIVAS_IMPLEMENTADAS_EN_EL_PERIODO,TIEMPO_DE_EJECUCION,N_EMPLEADOS_CAPACITADOS,N_EMPLEADOS_EN_AREAS_INVOLUCRADAS,EMPLEADOS_RECIENTAMENTE_CAPACITADOS,EMPLEADOS_CON_CALFICACION_APROBATORIA,N_SOLICICTANTES_CURSANDO_ONBOARDING,N_SOLICICTANTES_ONBOARDING_COMPLETO,AHORRO_REAL_GENERADO_POR_LA_INICIATIVA,EFICIENCIA_FINANCIERA_POR_INICIATIVA,ROI_INICIATIVA,INDICE_SATISFACCIÓN_DE_CLIENTES,TASA_DE_ADOPCIÓN_DE_INICIATIVAS_POR_CLIENTES,ACCION_SOBRE_SOLICITUDES_DE_MEJORA_RECIBIDAS,PORCENTAJE_DE_PROCESOS_EJECUTADOS_EN_TIEMPO,CUMPLIMIENTO_DE_HITOS_DE_INICIATIVAS,TIEMPO_PROMEDIO_DE_IMPLEMENTACION_DE_INICIATIVAS,PORCENTAJE_DE_EMPLEADOS_CAPACITADOS_EN_METODOLOGÍAS_DE_MEJORA,NIVEL_DE_DESEMPEÑO_EN_CAPACITACIÓN_SOBRE_PROCESOS,PORCENTAJE_DE_EMPLEADOS_CON_HABILIDADES_ACTUALIZADAS,ÍNDICE_ONBOARDING,EFICIENCIA_FINANCIERA_POR_INICIATIVA_OBJETIVO,ROI_INICIATIVA_OBJETIVO,INDICE_SATISFACCIÓN_DE_CLIENTES_OBJETIVO,TASA_DE_ADOPCIÓN_DE_INICIATIVAS_POR_CLIENTES_OBJETIVO,ACCION_SOBRE_SOLICITUDES_DE_MEJORA_RECIBIDAS_OBJETIVO,CUMPLIMIENTO_DE_HITOS_DE_INICIATIVAS_OBJETIVO,PORCENTAJE_DE_PROCESOS_EJECUTADOS_EN_TIEMPO_OBJETIVO,PORCENTAJE_DE_EMPLEADOS_CAPACITADOS_EN_METODOLOGÍAS_DE_MEJORA_OBJETIVO,NIVEL_DE_DESEMPEÑO_EN_CAPACITACIÓN_SOBRE_PROCESOS_OBJETIVO,PORCENTAJE_DE_EMPLEADOS_CON_HABILIDADES_ACTUALIZADAS_OBJETIVO,ÍNDICE_ONBOARDING_OBJETIVO
1,Contratación de proveedores,RMateriales,Cajeros Automaticos,Anabel Gonzalez,ALTO,Completada,6. FINALIZADA,2025-05-05,2025-12-23,2025-12-20,Luis Perez,Selección y contratación de proveedores clave para la operación.,"Selección y contratación de empresas proveedoras.
",528,Mayo,2025,Luis Perez,NINOSKA MARÍN,2223530.448678116,1038461.5384615385,1106984.909371051,2670,2670,2242,2879,2602,2011,123,94,37,20,2025-05-28,10,23,2962,2962,1895,1461,2268,1065,214.11774690974448,2.008636639808799,100,100,77,77,76,54,229,100,49,63,46,80,150,96,90,90,70,70,85,80,80,75
2,Optimización de resguardo de documentos.,RMateriales,Mantenimiento Correctivo,Antonio Arellano,MEDIO,Completada,6. FINALIZADA,2025-04-16,2025-09-04,2025-08-10,Sandra Torres,Mejora en la gestión y almacenamiento de documentos digitales y físicos.,Mejora de procesos de archivo y custodia documental.,384,Abril,2025,Sandra Torres,DIANA HURTADO / CAROLYN JIMÉNEZ,1237099.652067778,1038461.5384615385,580808.3248700327,2108,1923,1578,2209,1873,1688,99,72,22,16,2025-05-31,5,45,3298,3922,2170,1611,1840,1166,119.12811464356379,2.1299619841788653,112,91,71,90,72,72,900,84,48,55,63,80,150,96,90,90,70,70,85,80,80,75
3,Optimización de estados de cuenta,RMateriales,Mensajeria,Marta Garcia,ALTO,Completada,6. FINALIZADA,2025-04-13,2025-09-16,2025-09-15,Jose Martinez,Rediseño y mejora de los estados de cuenta de clientes.,Ajustes para hacer más claros y eficientes los estados.,408,Abril,2025,Jose Martinez,MARGARITA BARRAGÁN,2303018.627627959,1038461.5384615385,1081433.924406,3343,3049,2384,3150,2947,2073,83,63,31,22,2025-06-22,10,70,2248,2248,1838,705,1557,1154,221.77216414195163,2.1295971724698206,112,91,75,70,75,70,700,100,31,81,74,80,150,96,90,90,70,70,85,80,80,75
4,Proyectos de inversión nuevos,RMateriales,Cajeros Automaticos,Raul Perez,MEDIO,Completada,6. FINALIZADA,2025-04-29,2025-08-14,2025-08-10,Paula Fernandez,Implementación de nuevas inversiones estratégicas.,Desarrollo y análisis de nuevos proyectos financieros.,648,Abril,2025,Paula Fernandez,PAULINA ORTEGA,1224388.659948962,1038461.5384615385,725262.084938896,2585,2247,999,1970,2133,1217,86,77,21,15,2025-07-18,5,80,1380,3331,1947,1045,1490,1253,117.90409318027042,1.6882016658186645,68,86,50,57,89,71,1600,41,75,58,84,80,150,96,90,90,70,70,85,80,80,75
5,Mensajería,RMateriales,Mensajeria,Monica Ruiz,ALTO,Completada,6. FINALIZADA,2025-05-22,2025-11-15,2025-11-01,Ricardo Gomez,Optimización del servicio de mensajería interna y externa.,Gestión de envíos y recepción de documentos.,576,Mayo,2025,Ricardo Gomez,RAFAEL CÁRDENAS,1249849.522495359,1038461.5384615385,1050827.174902696,2251,2251,2118,3180,2885,2446,131,56,32,24,2025-07-23,9,62,3508,3508,1608,775,1615,1053,120.35587994399752,1.1893958895867838,18,100,66,84,42,75,688,100,22,45,65,80,150,96,90,90,70,70,85,80,80,75
6,Arrendamiento de sucursales y ATM's ,Operaciones,Mensajeria,Mayra Sevilla,ALTO,Completada,6. FINALIZADA,2025-04-04,2025-10-09,2025-12-19,Ana Ramirez,Gestión y optimización del arrendamiento de sucursales y cajeros automáticos.,Contratación de espacios para operaciones bancarias.,1776,Mayo,2025,Ana Ramirez,VIANEY MARTÍNEZ,1662176.340813155,1038461.5384615385,1098987.057191315,3837,2781,2173,2765,2856,2001,144,67,39,15,2025-06-13,8,70,4307,4307,1593,1255,2689,837,160.06142541163715,1.5124621622580203,51,72,78,70,46,38,875,100,29,36,31,80,150,96,90,90,70,70,85,80,80,75
7,Servicio al cliente,Fiduciario,Mantenimiento Correctivo,Mayra Sevilla,ALTO,Completada,6. FINALIZADA,2025-05-08,2025-11-13,2025-11-02,Carlos Diaz,Mejora en la atención y soporte a los clientes.,Atención y resolución de dudas o problemas de clientes.,1968,Abril,2025,Carlos Diaz,MAYRA SEVILLA,2166012.193468003,1038461.5384615385,857809.6324399431,2707,2341,2563,3018,3135,1839,143,77,41,18,2025-06-13,11,36,2979,2979,1831,1167,2546,1023,208.5789519635855,2.525049977938607,152,86,84,58,53,43,327,100,39,61,40,80,150,96,90,90,70,70,85,80,80,75
8,Instalción y renovación de ATM's,RMateriales,Cajeros Automaticos,Anabel Gonzalez,MEDIO,Completada,6. FINALIZADA,2025-03-25,2025-10-24,2025-10-15,Maria Lopez,Instalación y modernización de cajeros automáticos en diversas ubicaciones.,Implementación o actualización de cajeros automáticos.,672,Abril,2025,Maria Lopez,ANABEL GONZÁLEZ,2622123.708305526,1038461.5384615385,1007758.392066068,3563,1954,2162,3360,3062,2190,108,97,33,17,2025-06-14,10,81,3186,3186,1711,1854,1698,751,252.5008015405321,2.601936861998983,160,54,64,71,89,51,810,100,58,53,44,80,150,96,90,90,70,70,85,80,80,75
9,Reclamaciones por fallecimiento,RMateriales,Mantenimiento Correctivo,Raul Perez,MEDIO,Completada,6. FINALIZADA,2025-05-11,2025-08-11,2025-08-08,David Rodriguez,Gestión de reclamaciones relacionadas con seguros por fallecimiento.,Trámite de solicitudes tras el fallecimiento de un titular.,336,Mayo,2025,David Rodriguez,RAÚL PÉREZ,1643553.479117374,1038461.5384615385,588514.5588001641,2670,1443,992,2786,2037,1007,129,100,22,14,2025-07-08,5,58,2353,5154,2031,1258,1688,864,158.26811280389526,2.792715073129497,179,54,35,49,77,63,1160,45,53,39,51,80,150,96,90,90,70,70,85,80,80,75
10,Cartas de Instrucción,Fiduciario,Atencion a Autoridades,Raul Perez,ALTO,Completada,6. FINALIZADA,2025-04-05,2025-10-06,2025-09-19,Elena Sanchez,Generación y distribución de cartas de instrucción internas y externas.,Emisión de comunicaciones formales con indicaciones.,1512,Mayo,2025,Elena Sanchez,RAÚL PÉREZ,1154293.502434644,1038461.5384615385,990155.1629987498,3699,2757,2008,2929,3293,2248,100,95,27,14,2025-05-24,11,49,3179,3179,2035,1187,2393,999,111.15418912333608,1.165770321228029,16,74,68,68,95,51,445,100,37,64,41,80,150,96,90,90,70,70,85,80,80,75
11,Pagos Programados,Fiduciario,Mensajeria,Antonio Arellano,MEDIO,Completada,6. FINALIZADA,2025-03-31,2025-06-23,2025-06-21,Luis Perez,Implementación de pagos automáticos y programados a proveedores y clientes.,Gestión de pagos automáticos o recurrentes.,1752,Mayo,2025,Luis Perez,RAFAEL CÁRDENAS,1331827.752702361,1038461.5384615385,592279.0202799577,1975,1304,1625,1647,2588,795,107,80,27,20,2025-06-13,6,74,1763,4469,2100,1763,892,892,128.25007988985698,2.2486492127862885,124,66,98,30,74,74,1233,39,100,46,100,80,150,96,90,90,70,70,85,80,80,75
12,Gestión de expediente,Fiduciario,Mensajeria,Antonio Arellano,ALTO,Completada,6. FINALIZADA,2025-05-11,2025-12-02,2025-11-20,Sandra Torres,Mejora en la gestión de archivos y expedientes digitales y físicos.,Organización y actualización de documentación de clientes.,1440,Mayo,2025,Sandra Torres,FRANCISCO GOROSTIETA,1674436.088860192,1038461.5384615385,852954.586168047,3125,2866,2045,3201,2862,1820,119,75,35,24,2025-07-20,9,70,2870,2870,1849,1276,2094,1237,161.24199374209255,1.9631011029352725,96,91,63,63,63,68,777,100,44,64,59,80,150,96,90,90,70,70,85,80,80,75
13,Actualizaciones SIFE,Fiduciario,Mensajeria,Monica Ruiz,ALTO,Completada,6. FINALIZADA,2025-04-19,2025-10-02,2025-09-24,Jose Martinez,Actualización y mantenimiento del sistema de información financiera.,Cambios y mejoras en el sistema SIFE.,936,Abril,2025,Jose Martinez,DIANA HURTADO / CAROLYN JIMÉNEZ,2403866.426675726,1038461.5384615385,1116550.236695489,3487,2873,2487,2925,3496,1968,151,94,42,19,2025-06-06,11,48,3558,3558,1635,1301,1667,855,231.48343367988474,2.152940680743701,115,82,85,56,62,45,436,100,36,45,51,80,150,96,90,90,70,70,85,80,80,75
14,Organismos de mejora continua,Fiduciario,Mensajeria,Mayra Sevilla,MEDIO,Completada,6. FINALIZADA,2025-05-09,2025-09-14,2025-08-29,Paula Fernandez,Implementación de acciones de mejora continua en procesos internos.,Iniciativas de evaluación y mejora de procesos.,1848,Mayo,2025,Paula Fernandez,MARGARITA BARRAGÁN,1323415.137903241,1038461.5384615385,577240.4982841705,2324,2041,1910,2331,2109,1784,96,73,27,16,2025-06-18,7,40,1941,4762,2211,1769,1987,1152,127.43997624253431,2.2926581586653247,129,87,81,84,76,59,571,40,91,46,57,80,150,96,90,90,70,70,85,80,80,75
15,Gestión de Tokens,Operaciones,Mensajeria,Anabel Gonzalez,ALTO,Completada,6. FINALIZADA,2025-04-04,2025-12-30,2025-12-24,Ricardo Gomez,Implementación de medidas de seguridad con tokens para acceder a sistemas sensibles.,Administración de dispositivos de seguridad digital.,648,Abril,2025,Ricardo Gomez,MARÍA GARCÍA,1857517.529043696,1038461.5384615385,1089742.385866087,2550,2152,2094,2720,3071,1905,130,48,37,18,2025-06-23,8,80,2343,2343,2104,1098,1796,1123,178.87205835235588,1.7045473803126503,70,84,76,62,36,48,1000,100,46,89,62,80,150,96,90,90,70,70,85,80,80,75
16,Nuevas Colaboraciones,Fiduciario,Mantenimiento Correctivo,Anabel Gonzalez,MEDIO,Completada,6. FINALIZADA,2025-05-08,2025-08-13,2025-08-06,Ana Ramirez,Gestión y establecimiento de nuevas alianzas y colaboraciones con socios estratégicos.,Alianzas con entidades externas para nuevos proyectos.,840,Abril,2025,Ana Ramirez,MARÍA GARCÍA,1581216.163389543,1038461.5384615385,663444.9820808409,2578,1539,1269,2449,2460,1175,89,83,24,19,2025-08-02,4,86,2229,3636,1809,1604,1731,1073,152.26526017825228,2.3833418084347975,138,59,51,47,93,79,2150,61,71,49,61,80,150,96,90,90,70,70,85,80,80,75
17,Tablero MTM,Operaciones,Cajeros Automaticos,Raul Perez,BAJO,Completada,6. FINALIZADA,2025-04-23,2025-07-21,2025-06-26,Carlos Diaz,Desarrollo e implementación de tableros de gestión de proyectos (MTM).,Monitoreo y análisis de métricas en tiempo real.,1368,Mayo,2025,Carlos Diaz,ANABEL GONZÁLEZ,2165240.41774569,1038461.5384615385,502201.2423012686,3327,2830,2006,3403,3525,2388,11,7,13,8,2025-06-10,3,48,3011,5180,2198,2234,919,919,208.5046328199553,4.311499525217762,331,85,58,67,63,61,1600,58,74,42,100,80,150,96,90,90,70,70,85,80,80,75
18,Indicadores,Fiduciario,Mantenimiento,Antonio Arellano,ALTO,Completada,6. FINALIZADA,2025-05-03,2025-11-04,2025-10-25,Maria Lopez,Creación y seguimiento de indicadores clave de desempeño (KPI) internos.,Seguimiento y análisis de métricas clave.,2112,Mayo,2025,Maria Lopez,RAFAEL CÁRDENAS,2285332.770005249,1038461.5384615385,1005052.343727117,2373,2373,2121,2918,3173,2275,150,78,35,20,2025-07-09,11,67,3685,3685,1680,1575,1964,1654,220.069081556061,2.2738445258784874,127,100,72,71,52,57,609,100,42,45,84,80,150,96,90,90,70,70,85,80,80,75
19,Instrucciones Legales,Fiduciario,BO Derivados,Marta Garcia,ALTO,Completada,6. FINALIZADA,2025-05-05,2025-11-06,2025-11-05,David Rodriguez,Elaboración y distribución de instrucciones legales y normativas internas.,Ejecución de órdenes con fundamento jurídico.,600,Mayo,2025,David Rodriguez,DIANA HURTADO / CAROLYN JIMÉNEZ,2472914.007006099,1038461.5384615385,880988.7569074619,2258,2041,2337,3032,2997,2186,81,81,35,20,2025-07-18,10,74,2364,2364,1933,1609,2040,856,238.13245993392064,2.8069756709345284,180,90,77,72,100,57,740,100,68,81,41,80,150,96,90,90,70,70,85,80,80,75
20,Cobranza,Fiduciario,Atencion a Autoridades,Raul Perez,ALTO,Completada,6. FINALIZADA,2025-05-21,2025-12-01,2025-11-14,Elena Sanchez,Optimización del proceso de cobranza de cuentas por cobrar.,Recuperación de adeudos de clientes.,600,Abril,2025,Elena Sanchez,FRANCISCO HERNÁNDEZ,1895642.292608813,1038461.5384615385,1078456.902616363,3876,2188,2297,3010,3281,2135,166,86,33,18,2025-08-16,9,87,2482,2482,1734,1170,2738,1630,182.54333188084863,1.7577357871324648,75,56,76,65,51,54,966,100,47,69,59,80,150,96,90,90,70,70,85,80,80,75
21,Gestión de Pagos,Controlaría,Mantenimiento Correctivo,Mayra Sevilla,ALTO,Completada,6. FINALIZADA,2025-05-02,2025-11-15,2025-11-09,Luis Perez,Gestión y optimización de pagos a proveedores y socios.,Control y validación de desembolsos.,1968,Mayo,2025,Luis Perez,FRANCISCO HERNÁNDEZ,2256989.386871714,1038461.5384615385,788955.4245994212,2799,1903,2145,3019,2884,2002,180,111,39,23,2025-07-26,10,85,2623,2623,1392,1237,2097,1234,217.3397187357947,2.8607311851840835,186,67,71,69,61,58,850,100,47,53,58,80,150,96,90,90,70,70,85,80,80,75
22,Cobranza Domicialiada,Operaciones,Mensajeria,Mayra Sevilla,MEDIO,Completada,6. FINALIZADA,2025-05-17,2025-08-26,2025-08-14,Sandra Torres,Implementación de estrategias para la cobranza domiciliada a clientes morosos.,Recolección de pagos desde cuentas de clientes.,864,Abril,2025,Sandra Torres,PAULINA ORTEGA,1495931.246244485,1038461.5384615385,612587.7337477641,1806,1806,1651,2752,1752,1504,107,77,21,18,2025-07-10,6,54,3013,3949,1944,2068,2048,1060,144.0526385272467,2.4419869413520474,144,100,59,85,71,85,900,76,68,49,51,80,150,96,90,90,70,70,85,80,80,75
23,Seguros PTJ & Cartas,Operaciones,Cajeros Automaticos,Antonio Arellano,MEDIO,Completada,6. FINALIZADA,2025-04-14,2025-08-21,2025-08-05,Jose Martinez,Gestión de seguros y trámites relacionados con PTJ y cartas oficiales.,Trámite de seguros y documentación relacionada.,936,Mayo,2025,Jose Martinez,VIANEY MARTÍNEZ,1454230.325641945,1038461.5384615385,670192.6315242286,2117,1099,963,2284,2750,1772,84,77,28,18,2025-05-31,6,47,2529,4025,2120,1452,1602,919,140.03699432107618,2.169869164831861,116,51,42,64,91,64,783,62,57,52,57,80,150,96,90,90,70,70,85,80,80,75
24,Mantenimiento Preventivo,RMateriales,Mensajeria,Anabel Gonzalez,MEDIO,Completada,6. FINALIZADA,2025-04-06,2025-08-24,2025-08-04,Paula Fernandez,Estrategias de mantenimiento preventivo de infraestructura y equipos.,Acciones para evitar fallos en infraestructuras.,1248,Abril,2025,Paula Fernandez,NINOSKA MARÍN,1312775.196536161,1038461.5384615385,648673.6198675823,2847,1814,1371,1837,1557,1308,116,83,27,21,2025-07-04,6,89,1912,3384,1969,1773,1115,1115,126.41538929607476,2.0237838511209163,102,63,74,84,71,77,1483,56,92,58,100,80,150,96,90,90,70,70,85,80,80,75
25,Comedor Ejecutivo,RMateriales,Mantenimiento Correctivo,Monica Ruiz,MEDIO,Completada,6. FINALIZADA,2025-04-06,2025-07-11,2025-06-29,Ricardo Gomez,Optimización de servicios de comedor para ejecutivos y empleados.,Gestión de servicios de alimentación ejecutiva.,648,Mayo,2025,Ricardo Gomez,NINOSKA MARÍN,1003435.185203306,1038461.5384615385,605453.2687021026,1782,1664,1644,2457,2342,1405,100,86,23,16,2025-05-04,7,28,1968,3804,2002,1571,810,810,96.6270919084665,1.657328875859154,65,93,66,59,86,69,400,51,79,52,100,80,150,96,90,90,70,70,85,80,80,75
26,Riesgos Asegurables,RMateriales,Mantenimiento,Antonio Arellano,ALTO,Completada,6. FINALIZADA,2025-04-11,2025-09-19,2025-09-13,Ana Ramirez,Evaluación y mitigación de riesgos asegurables en la empresa.,Identificación de riesgos con cobertura posible.,1032,Mayo,2025,Ana Ramirez,VIANEY MARTÍNEZ,2164468.642023377,1038461.5384615385,1163681.13451338,2600,1871,2091,2972,2942,2267,103,60,32,19,2025-05-21,11,40,3266,3266,1919,1812,1763,682,208.4303136763252,1.860018675071586,86,71,70,77,58,59,363,100,55,58,38,80,150,96,90,90,70,70,85,80,80,75
